Runs,Ball faced,Average,Strike rate,Highest Score,4s,6s,50,100,Training modle
343,556,26.38,61.69,84,38,0,2,0,Experience and Control
236,260,39.33,90.77,97,20,4,2,0,General Training
28,65,5.6,43.08,16,2,0,0,0,General Training
70,87,11.67,80.46,23,1,5,0,0,General Training
248,357,20.67,69.47,64,20,7,1,0,General Training
332,459,47.43,72.33,71,30,1,3,0,Consistent Batting Techniques
25,45,25,55.56,16,1,0,0,0,General Training
9,9,4.5,100,8,2,0,0,0,General Training
9,46,4.5,19.57,8,1,0,0,0,General Training
25,29,25,86.21,25,3,0,0,0,General Training
7,5,7,140,6,0,1,0,0,General Training
515,552,103,93.3,143,51,10,3,1,Advanced Scoring Strategies
49,63,12.25,77.78,29,5,0,0,0,General Training
83,101,27.67,82.18,58,7,2,1,0,Fundamentals and Basics
43,65,14.33,66.15,23,4,2,0,0,General Training
37,23,18.5,160.87,35,7,0,0,0,General Training
10,27,5,37.04,10,0,0,0,0,General Training
1207,1029,63.53,117.3,162,121,37,6,4,Advanced Scoring Strategies
203,273,22.56,74.36,62,23,0,1,0,Fundamentals and Basics
336,361,42,93.07,113,36,9,3,1,Advanced Scoring Strategies
44,88,4.89,50,15,3,0,0,0,General Training
6,13,6,46.15,5,0,0,0,0,General Training
84,174,10.5,48.28,28,4,1,0,0,General Training
10,11,10,90.91,9,1,0,0,0,General Training
38,57,19,66.67,28,5,0,0,0,General Training
861,823,43.05,104.62,149,114,17,6,1,Advanced Scoring Strategies
64,67,32,95.52,37,7,2,0,0,General Training
584,699,34.35,83.55,113,45,13,2,1,Experience and Control
192,143,19.2,134.27,49,12,15,0,0,Power Hitting Skills
10,34,3.33,29.41,8,1,0,0,0,General Training
7,25,7,28,7,0,0,0,0,General Training
26,32,13,81.25,26,4,0,0,0,General Training
19,30,9.5,63.33,17,0,1,0,0,General Training
1,5,1,20,1,0,0,0,0,General Training
20,60,6.67,33.33,13,0,1,0,0,General Training
36,99,6,36.36,19,1,0,0,0,General Training
128,151,14.22,84.77,35,12,3,0,0,Fundamentals and Basics
28,24,9.33,116.67,14,5,1,0,0,General Training
99,144,33,68.75,37,8,0,0,0,Fundamentals and Basics
107,136,21.4,78.68,47,8,1,0,0,Fundamentals and Basics
51,45,51,113.33,51,6,1,1,0,General Training
271,404,22.58,67.08,93,31,1,2,0,Fundamentals and Basics
117,140,117,83.57,64,10,3,1,0,Fundamentals and Basics
199,198,33.17,100.51,85,25,3,1,0,General Training
787,801,43.72,98.25,153,73,24,4,3,Advanced Scoring Strategies
50,49,16.67,102.04,22,3,1,0,0,General Training
0,2,0,0,0,0,0,0,0,General Training
136,204,34,66.67,60,11,1,1,0,Consistent Batting Techniques
417,483,37.91,86.34,158,39,5,1,1,General Training
546,552,36.4,98.91,106,61,10,3,1,Advanced Scoring Strategies
13,38,13,34.21,13,0,0,0,0,General Training
172,193,43,89.12,46,17,5,0,0,General Training
38,69,7.6,55.07,14,5,1,0,0,General Training
62,99,15.5,62.63,32,4,1,0,0,General Training
123,89,20.5,138.2,58,15,2,2,0,General Training
14,26,0,53.85,10,1,0,0,0,General Training
208,252,34.67,82.54,79,21,3,1,0,Fundamentals and Basics
72,133,18,54.14,36,7,1,0,0,General Training
96,185,16,51.89,45,11,0,0,0,General Training
170,195,34,87.18,56,21,4,1,0,General Training
98,180,12.25,54.44,18,12,0,0,0,General Training
58,98,29,59.18,29,5,1,0,0,General Training
21,45,7,46.67,14,2,0,0,0,General Training
90,76,22.5,118.42,36,6,6,0,0,Power Hitting Skills
53,111,8.83,47.75,22,7,0,0,0,General Training
25,57,25,43.86,13,2,0,0,0,General Training
99,127,19.8,77.95,47,8,1,0,0,Fundamentals and Basics
2,4,0,50,2,0,0,0,0,General Training
20,26,20,76.92,19,4,0,0,0,General Training
143,210,14.3,68.1,38,14,0,0,0,Fundamentals and Basics
3,3,0,100,3,0,0,0,0,General Training
215,373,43,57.64,70,16,5,2,0,Consistent Batting Techniques
154,217,77,70.97,78,14,0,1,0,Consistent Batting Techniques
226,272,20.55,83.09,54,19,6,1,0,General Training
19,19,9.5,100,14,0,1,0,0,General Training
375,362,53.57,103.59,85,46,2,3,0,Advanced Scoring Strategies
164,167,27.33,98.2,54,11,10,1,0,Power Hitting Skills
137,128,15.22,107.03,25,11,3,0,0,General Training
0,2,0,0,0,0,0,0,0,General Training
2,21,2,9.52,2,0,0,0,0,General Training
353,361,70.6,97.78,97,26,13,3,0,Advanced Scoring Strategies
2,4,1,50,2,0,0,0,0,General Training
28,43,9.33,65.12,15,1,2,0,0,General Training
105,235,8.75,44.68,43,9,2,0,0,General Training
3,11,1.5,27.27,2,0,0,0,0,General Training
769,840,59.15,91.55,108,64,23,7,1,Advanced Scoring Strategies
0,3,0,0,0,0,0,0,0,General Training
794,926,52.93,85.75,101,82,6,7,1,Advanced Scoring Strategies
0,2,0,0,0,0,0,0,0,General Training
742,614,33.73,120.85,101,77,29,6,1,Power Hitting Skills
4,13,4,30.77,4,0,0,0,0,General Training
517,636,39.77,81.29,116,44,12,2,1,Advanced Scoring Strategies
139,199,15.44,69.85,67,15,2,1,0,Fundamentals and Basics
458,501,50.89,91.42,88,56,9,4,0,Advanced Scoring Strategies
152,117,76,129.91,123,11,7,0,1,Power Hitting Skills
56,116,11.2,48.28,32,9,0,0,0,General Training
437,471,27.31,92.78,122,35,17,1,1,Power Hitting Skills
27,51,9,52.94,24,3,0,0,0,General Training
32,72,8,44.44,18,2,1,0,0,General Training
26,38,26,68.42,17,3,0,0,0,General Training
8,12,8,66.67,8,1,0,0,0,General Training
6,8,3,75,6,0,1,0,0,General Training
690,778,46,88.69,138,68,14,3,2,Advanced Scoring Strategies
190,189,23.75,100.53,64,16,4,2,0,General Training
63,83,21,75.9,47,6,0,0,0,Fundamentals and Basics
8,28,4,28.57,6,1,0,0,0,General Training
125,128,25,97.66,58,17,2,1,0,General Training
79,81,26.33,97.53,35,6,0,0,0,General Training
46,43,46,106.98,46,7,0,0,0,General Training
52,57,13,91.23,33,6,1,0,0,General Training
7,31,1.75,22.58,3,0,0,0,0,General Training
293,343,48.83,85.42,172,33,3,0,1,General Training
4,8,4,50,4,1,0,0,0,General Training
22,23,11,95.65,12,0,2,0,0,General Training
353,419,27.15,84.25,75,28,12,2,0,General Training
1186,1310,35.94,90.53,215,116,49,6,2,Advanced Scoring Strategies
74,61,24.67,121.31,42,4,3,0,0,General Training
231,213,33,108.45,75,22,9,2,0,Power Hitting Skills
125,217,17.86,57.6,64,19,0,1,0,General Training
0,1,0,0,0,0,0,0,0,General Training
0,5,0,0,0,0,0,0,0,General Training
85,129,28.33,65.89,51,13,0,1,0,Fundamentals and Basics
18,36,6,50,14,1,1,0,0,General Training
3,8,1.5,37.5,2,0,0,0,0,General Training
16,57,5.33,28.07,9,1,0,0,0,General Training
223,273,37.17,81.68,54,15,6,1,0,General Training
99,124,19.8,79.84,45,3,1,0,0,General Training
70,113,17.5,61.95,22,4,0,0,0,General Training
5,28,2.5,17.86,4,0,0,0,0,General Training
216,263,24,82.13,69,27,0,1,0,Fundamentals and Basics
362,528,27.85,68.56,98,27,9,2,0,Experience and Control
154,145,30.8,106.21,101,13,8,0,1,Power Hitting Skills
390,449,32.5,86.86,85,36,8,4,0,Power Hitting Skills
355,398,19.72,89.2,51,30,5,1,0,General Training
33,42,11,78.57,13,5,0,0,0,General Training
48,63,8,76.19,22,8,0,0,0,Fundamentals and Basics
3,7,3,42.86,3,0,0,0,0,General Training
116,170,38.67,68.24,38,10,0,0,0,Fundamentals and Basics
6,15,6,40,6,1,0,0,0,General Training
13,24,0,54.17,9,1,0,0,0,General Training
132,219,22,60.27,52,11,0,1,0,General Training
67,72,16.75,93.06,18,6,2,0,0,General Training
28,67,14,41.79,19,4,0,0,0,General Training
120,209,20,57.42,42,8,1,0,0,General Training
3,6,1.5,50,2,0,0,0,0,General Training
191,245,19.1,77.96,52,20,0,2,0,Fundamentals and Basics
42,66,21,63.64,41,2,0,0,0,General Training
41,56,10.25,73.21,21,4,0,0,0,General Training
816,720,48,113.33,138,54,35,1,2,Advanced Scoring Strategies
48,64,16,75,23,4,2,0,0,General Training
1527,1505,56.56,101.46,178,154,41,5,6,Advanced Scoring Strategies
6,4,0,150,6,1,0,0,0,General Training
25,73,3.12,34.25,9,4,0,0,0,General Training
82,135,16.4,60.74,27,3,1,0,0,General Training
56,52,14,107.69,48,2,3,0,0,General Training
41,76,6.83,53.95,15,3,0,0,0,General Training
21,74,7,28.38,13,2,0,0,0,General Training
79,123,15.8,64.23,32,5,0,0,0,General Training
33,69,16.5,47.83,24,2,1,0,0,General Training
169,195,24.14,86.67,40,11,5,0,0,General Training
52,34,52,152.94,38,4,2,0,0,General Training
404,400,44.89,101,140,50,9,2,1,Advanced Scoring Strategies
552,497,69,111.07,134,48,22,2,2,Advanced Scoring Strategies
38,33,12.67,115.15,25,8,0,0,0,General Training
78,67,19.5,116.42,16,7,6,0,0,Power Hitting Skills
231,226,21,102.21,89,21,9,1,0,Power Hitting Skills
90,127,45,70.87,76,10,1,1,0,Fundamentals and Basics
167,199,15.18,83.92,44,20,1,0,0,Fundamentals and Basics
173,294,24.71,58.84,62,19,2,1,0,General Training
207,293,23,70.65,73,15,6,1,0,General Training
248,358,22.55,69.27,34,21,4,0,0,Fundamentals and Basics
12,18,4,66.67,10,1,0,0,0,General Training
81,189,9,42.86,51,6,0,1,0,General Training
372,366,41.33,101.64,152,54,4,0,1,General Training
998,1174,36.96,85.01,115,83,12,5,4,Advanced Scoring Strategies
64,102,32,62.75,45,6,0,0,0,General Training
95,162,19,58.64,28,8,3,0,0,General Training
323,395,64.6,81.77,88,21,2,4,0,Advanced Scoring Strategies
142,146,14.2,97.26,32,16,6,0,0,Power Hitting Skills
15,16,7.5,93.75,11,2,0,0,0,General Training
224,272,44.8,82.35,56,20,3,2,0,Fundamentals and Basics
399,536,39.9,74.44,107,42,2,3,1,Consistent Batting Techniques
3,26,1.5,11.54,2,0,0,0,0,General Training
171,190,19,90,30,12,6,0,0,Power Hitting Skills
45,73,11.25,61.64,20,7,0,0,0,General Training
235,261,23.5,90.04,38,20,8,0,0,Power Hitting Skills
131,161,26.2,81.37,70,12,4,2,0,Fundamentals and Basics
13,37,3.25,35.14,8,1,0,0,0,General Training
75,111,12.5,67.57,22,10,1,0,0,Fundamentals and Basics
574,735,33.76,78.1,112,55,7,4,1,Experience and Control
1,1,1,100,1,0,0,0,0,General Training
15,22,15,68.18,15,1,0,0,0,General Training
28,72,7,38.89,13,4,0,0,0,General Training
672,792,25.85,84.85,148,56,26,3,1,Experience and Control
81,151,16.2,53.64,28,9,1,0,0,General Training
74,36,20,205.56,64,5,4,1,0,General Training
926,1070,57.88,86.54,109,74,11,7,2,Advanced Scoring Strategies
9,24,4.5,37.5,9,0,0,0,0,General Training
51,33,25.5,154.55,51,7,1,1,0,General Training
406,406,36.91,100,126,38,21,2,1,Advanced Scoring Strategies
2,9,2,22.22,2,0,0,0,0,General Training
274,386,27.4,70.98,97,26,0,2,0,Fundamentals and Basics
77,97,25.67,79.38,70,7,0,1,0,Fundamentals and Basics
54,78,13.5,69.23,22,4,1,0,0,General Training
393,462,43.67,85.06,97,37,0,4,0,Advanced Scoring Strategies
186,217,62,85.71,69,24,2,3,0,Advanced Scoring Strategies
5,9,1.25,55.56,5,1,0,0,0,General Training
62,86,15.5,72.09,18,4,1,0,0,General Training
32,49,16,65.31,26,5,0,0,0,General Training
12,21,6,57.14,9,0,1,0,0,General Training
87,83,17.4,104.82,40,6,3,0,0,General Training
90,145,15,62.07,52,7,1,1,0,General Training
747,865,39.32,86.36,91,84,6,6,0,Advanced Scoring Strategies
263,281,26.3,93.59,80,28,5,2,0,General Training
310,294,44.29,105.44,84,29,7,2,0,Power Hitting Skills
3,2,0,150,3,0,0,0,0,General Training
285,255,40.71,111.76,71,22,14,2,0,Power Hitting Skills
88,129,29.33,68.22,41,15,0,0,0,Fundamentals and Basics
96,138,16,69.57,25,8,3,0,0,Fundamentals and Basics
55,69,55,79.71,55,3,0,1,0,General Training
901,562,47.42,160.32,201,94,43,2,3,Advanced Scoring Strategies
59,71,14.75,83.1,30,5,1,0,0,General Training
11,44,3.67,25,4,0,0,0,0,General Training
60,51,15,117.65,16,7,1,0,0,General Training
7,8,0,87.5,7,1,0,0,0,General Training
36,71,9,50.7,10,3,0,0,0,General Training
194,244,19.4,79.51,47,20,2,0,0,Fundamentals and Basics
177,225,35.4,78.67,78,14,2,1,0,Fundamentals and Basics
373,280,41.44,133.21,109,28,19,1,1,Power Hitting Skills
122,161,20.33,75.78,80,12,2,1,0,Fundamentals and Basics
7,19,1.75,36.84,4,0,0,0,0,General Training
85,80,42.5,106.25,54,10,4,1,0,General Training
5,23,0,21.74,4,0,0,0,0,General Training
105,238,10.5,44.12,32,5,0,0,0,General Training
53,110,7.57,48.18,16,6,1,0,0,General Training
34,60,11.33,56.67,25,6,0,0,0,General Training
93,113,10.33,82.3,28,8,3,0,0,Fundamentals and Basics
53,45,17.67,117.78,35,5,4,0,0,General Training
375,453,34.09,82.78,89,33,6,3,0,General Training
63,52,12.6,121.15,32,7,4,0,0,General Training
15,25,15,60,15,2,0,0,0,General Training
507,773,36.21,65.59,80,45,4,5,0,Consistent Batting Techniques
96,102,19.2,94.12,34,12,2,0,0,General Training
169,150,28.17,112.67,66,20,5,1,0,General Training
445,519,44.5,85.74,139,40,2,3,1,Advanced Scoring Strategies
759,874,54.21,86.84,133,53,18,5,2,Advanced Scoring Strategies
108,158,36,68.35,80,9,1,1,0,Fundamentals and Basics
726,754,72.6,96.29,143,72,24,6,1,Advanced Scoring Strategies
237,209,33.86,113.4,48,21,5,0,0,General Training
166,169,41.5,98.22,72,15,4,1,0,General Training
38,94,12.67,40.43,23,4,0,0,0,General Training
81,98,40.5,82.65,50,6,1,1,0,Fundamentals and Basics
24,53,8,45.28,19,3,0,0,0,General Training
0,4,0,0,0,0,0,0,0,General Training
3,12,3,25,3,0,0,0,0,General Training
842,1012,42.1,83.2,159,77,6,5,2,Advanced Scoring Strategies
91,149,22.75,61.07,55,8,0,1,0,General Training
17,19,17,89.47,17,0,2,0,0,General Training
17,29,17,58.62,13,2,0,0,0,General Training
178,305,35.6,58.36,81,18,0,1,0,Consistent Batting Techniques
54,79,18,68.35,17,6,0,0,0,Fundamentals and Basics
101,266,16.83,37.97,39,5,0,0,0,General Training
98,264,19.6,37.12,53,12,0,1,0,General Training
45,75,7.5,60,17,3,1,0,0,General Training
1,5,0.5,20,1,0,0,0,0,General Training
376,493,47,76.27,129,39,5,1,1,Fundamentals and Basics
38,30,38,126.67,22,6,0,0,0,General Training
26,62,26,41.94,20,1,0,0,0,General Training
142,123,23.67,115.45,40,11,8,0,0,Power Hitting Skills
51,77,25.5,66.23,32,2,2,0,0,General Training
11,32,3.67,34.38,11,2,0,0,0,General Training
66,86,22,76.74,28,9,0,0,0,Fundamentals and Basics
422,522,60.29,80.84,92,28,0,5,0,Advanced Scoring Strategies
231,347,33,66.57,86,17,3,2,0,Consistent Batting Techniques
162,138,54,117.39,49,20,1,0,0,General Training
467,580,33.36,80.52,100,55,1,2,1,Experience and Control
190,175,63.33,108.57,160,17,9,0,1,Power Hitting Skills
20,34,5,58.82,10,1,0,0,0,General Training
197,312,24.62,63.14,73,21,0,2,0,General Training
93,145,10.33,64.14,37,8,3,0,0,General Training
718,995,35.9,72.16,81,62,2,6,0,Consistent Batting Techniques
251,413,27.89,60.77,71,24,3,2,0,General Training
5,4,5,125,5,1,0,0,0,General Training
47,48,23.5,97.92,47,5,2,0,0,General Training
58,59,19.33,98.31,23,5,1,0,0,General Training
58,46,29,126.09,55,9,2,1,0,General Training
0,2,0,0,0,0,0,0,0,General Training
61,150,15.25,40.67,26,4,0,0,0,General Training
1,7,0.33,14.29,1,0,0,0,0,General Training
41,63,41,65.08,23,2,2,0,0,General Training
97,122,16.17,79.51,51,13,0,1,0,Fundamentals and Basics
55,141,18.33,39.01,22,6,0,0,0,General Training
13,22,3.25,59.09,7,1,0,0,0,General Training
591,500,26.86,118.2,103,50,15,3,1,Power Hitting Skills
9,20,9,45,9,0,0,0,0,General Training
184,265,36.8,69.43,83,21,0,1,0,Consistent Batting Techniques
259,360,23.55,71.94,63,11,8,1,0,General Training
290,341,32.22,85.04,97,19,8,2,0,Power Hitting Skills
1034,1173,44.96,88.15,121,88,6,6,3,Advanced Scoring Strategies
74,89,12.33,83.15,15,9,0,0,0,Fundamentals and Basics
147,138,36.75,106.52,34,9,5,0,0,General Training
158,243,31.6,65.02,121,11,4,0,1,Consistent Batting Techniques
132,200,13.2,66,33,15,0,0,0,Fundamentals and Basics
55,88,13.75,62.5,26,5,0,0,0,General Training
773,976,45.47,79.2,128,66,9,5,1,Experience and Control
19,30,19,63.33,16,1,0,0,0,General Training
3,19,1.5,15.79,3,0,0,0,0,General Training
7,19,7,36.84,7,0,0,0,0,General Training
443,384,63.29,115.36,153,51,12,4,1,Advanced Scoring Strategies
13,33,4.33,39.39,9,2,0,0,0,General Training
56,123,9.33,45.53,22,5,1,0,0,General Training
113,160,37.67,70.62,50,13,1,1,0,Consistent Batting Techniques
15,42,3,35.71,8,1,0,0,0,General Training
747,816,37.35,91.54,111,95,14,4,2,Advanced Scoring Strategies
340,308,26.15,110.39,111,41,13,2,1,Power Hitting Skills
26,76,13,34.21,22,1,0,0,0,General Training
74,149,24.67,49.66,49,5,2,0,0,General Training
40,51,13.33,78.43,26,5,0,0,0,General Training
6,4,0,150,6,1,0,0,0,General Training
2,6,2,33.33,2,0,0,0,0,General Training
0,2,0,0,0,0,0,0,0,General Training
325,294,32.5,110.54,57,28,17,3,0,Power Hitting Skills
10,24,10,41.67,9,0,1,0,0,General Training
12,11,6,109.09,11,0,0,0,0,General Training
212,338,26.5,62.72,115,22,2,0,1,General Training
458,461,35.23,99.35,115,31,9,1,1,Power Hitting Skills
44,25,14.67,176,21,6,2,0,0,General Training
159,168,19.88,94.64,58,17,3,1,0,General Training
35,60,17.5,58.33,26,5,0,0,0,General Training
4,5,2,80,2,0,0,0,0,General Training
34,39,34,87.18,34,2,1,0,0,General Training
114,159,19,71.7,37,11,1,0,0,Fundamentals and Basics
91,204,15.17,44.61,31,9,1,0,0,General Training
149,168,37.25,88.69,98,12,3,1,0,General Training
6,22,2,27.27,3,0,0,0,0,General Training
83,115,16.6,72.17,31,4,3,0,0,General Training
18,41,18,43.9,18,2,0,0,0,General Training
17,17,17,100,17,1,1,0,0,General Training
59,80,19.67,73.75,40,7,1,0,0,Fundamentals and Basics
190,137,27.14,138.69,94,15,11,2,0,Power Hitting Skills
6,11,3,54.55,6,0,1,0,0,General Training
47,106,11.75,44.34,16,5,1,0,0,General Training
249,352,27.67,70.74,55,34,0,1,0,Fundamentals and Basics
0,3,0,0,0,0,0,0,0,General Training
1532,1770,56.74,86.55,124,147,14,7,5,Advanced Scoring Strategies
14,34,7,41.18,8,2,0,0,0,General Training
7,3,0,233.33,7,1,0,0,0,General Training
0,2,0,0,0,0,0,0,0,General Training
35,64,17.5,54.69,23,2,1,0,0,General Training
85,196,28.33,43.37,35,10,0,0,0,General Training
39,66,13,59.09,22,4,1,0,0,General Training
155,212,25.83,73.11,45,15,1,0,0,Fundamentals and Basics
288,338,36,85.21,108,19,11,1,1,Power Hitting Skills
12,19,12,63.16,12,2,0,0,0,General Training
253,282,42.17,89.72,156,33,4,1,1,General Training
499,552,27.72,90.4,113,48,17,1,1,Power Hitting Skills
154,160,51.33,96.25,134,14,3,0,1,General Training
813,964,58.07,84.34,111,69,14,4,2,Advanced Scoring Strategies
80,99,40,80.81,52,6,1,1,0,Fundamentals and Basics
94,98,15.67,95.92,32,6,3,0,0,General Training
182,370,20.22,49.19,79,18,4,2,0,General Training
575,684,47.92,84.06,104,53,7,4,2,Advanced Scoring Strategies
38,111,7.6,34.23,34,3,0,0,0,General Training
1167,1437,61.42,81.21,148,116,10,6,2,Advanced Scoring Strategies
2,6,2,33.33,2,0,0,0,0,General Training
20,33,10,60.61,10,1,0,0,0,General Training
1,1,0,100,1,0,0,0,0,General Training
91,77,91,118.18,57,5,6,1,0,Power Hitting Skills
18,52,6,34.62,7,0,1,0,0,General Training
73,62,12.17,117.74,29,11,1,0,0,General Training
118,162,19.67,72.84,101,11,1,0,1,Fundamentals and Basics
52,24,0,216.67,52,8,1,1,0,General Training
93,78,46.5,119.23,29,8,2,0,0,General Training
11,15,3.67,73.33,6,1,1,0,0,General Training
468,521,36,89.83,94,48,10,3,0,Advanced Scoring Strategies
11,62,2.2,17.74,5,1,0,0,0,General Training
3,3,0,100,3,0,0,0,0,General Training
45,60,45,75,44,5,0,0,0,General Training
4,2,0,200,4,1,0,0,0,General Training
187,197,37.4,94.92,102,16,8,1,1,Power Hitting Skills
16,35,8,45.71,10,0,0,0,0,General Training
44,40,14.67,110,28,5,2,0,0,General Training
101,149,14.43,67.79,26,10,2,0,0,Fundamentals and Basics
427,562,35.58,75.98,64,36,4,5,0,Experience and Control
1002,1354,37.11,74,131,76,17,6,1,Consistent Batting Techniques
60,94,10,63.83,27,6,0,0,0,General Training
140,179,23.33,78.21,59,9,3,1,0,Fundamentals and Basics
22,19,7.33,115.79,10,1,1,0,0,General Training
157,142,31.4,110.56,75,9,9,1,0,Power Hitting Skills
182,316,20.22,57.59,68,16,1,1,0,General Training
45,65,22.5,69.23,41,4,1,0,0,General Training
362,512,40.22,70.7,71,31,2,3,0,Consistent Batting Techniques
12,33,4,36.36,6,1,0,0,0,General Training
48,56,8,85.71,16,5,1,0,0,General Training
29,28,5.8,103.57,14,3,1,0,0,General Training
6,19,6,31.58,5,1,0,0,0,General Training
100,185,25,54.05,38,11,1,0,0,General Training
58,111,14.5,52.25,24,3,1,0,0,General Training
1,1,0,100,1,0,0,0,0,General Training
25,18,25,138.89,23,4,0,0,0,General Training
97,220,12.12,44.09,58,9,1,1,0,General Training
155,230,10.33,67.39,29,10,3,0,0,Fundamentals and Basics
43,72,14.33,59.72,15,1,1,0,0,General Training
66,133,22,49.62,39,11,0,0,0,General Training
96,77,19.2,124.68,43,9,5,0,0,General Training
4,4,4,100,4,1,0,0,0,General Training
33,73,16.5,45.21,17,2,0,0,0,General Training
944,1113,52.44,84.82,128,74,25,3,3,Advanced Scoring Strategies
3,15,3,20,3,0,0,0,0,General Training
199,243,13.27,81.89,37,19,7,0,0,General Training
0,2,0,0,0,0,0,0,0,General Training
22,19,22,115.79,22,3,1,0,0,General Training
80,80,40,100,68,6,3,1,0,General Training
449,416,28.06,107.93,78,59,5,5,0,General Training
116,150,23.2,77.33,58,17,2,1,0,Fundamentals and Basics
238,286,19.83,83.22,57,25,2,1,0,Fundamentals and Basics
156,190,19.5,82.11,54,11,1,1,0,Fundamentals and Basics
39,36,13,108.33,25,6,0,0,0,General Training
148,264,49.33,56.06,74,11,2,2,0,Consistent Batting Techniques
56,39,18.67,143.59,27,7,1,0,0,General Training
88,120,14.67,73.33,23,7,1,0,0,Fundamentals and Basics
19,33,6.33,57.58,13,1,0,0,0,General Training
38,47,19,80.85,28,1,3,0,0,General Training
598,802,49.83,74.56,83,38,10,7,0,Consistent Batting Techniques
888,943,63.43,94.17,93,85,11,8,0,Advanced Scoring Strategies
995,1126,43.26,88.37,237,109,24,4,2,Advanced Scoring Strategies
37,54,5.29,68.52,10,3,1,0,0,General Training
0,5,0,0,0,0,0,0,0,General Training
78,92,15.6,84.78,22,9,0,0,0,Fundamentals and Basics
174,180,24.86,96.67,36,10,7,0,0,Power Hitting Skills
987,1062,51.95,92.94,158,106,23,2,3,Advanced Scoring Strategies
362,376,24.13,96.28,128,35,11,0,1,Power Hitting Skills
26,35,6.5,74.29,15,3,0,0,0,General Training
0,1,0,0,0,0,0,0,0,General Training
460,600,32.86,76.67,133,42,12,2,1,Experience and Control
65,88,16.25,73.86,42,8,1,0,0,Fundamentals and Basics
1,8,1,12.5,1,0,0,0,0,General Training
211,204,42.2,103.43,52,18,2,1,0,General Training
11,14,5.5,78.57,8,1,0,0,0,General Training
299,399,27.18,74.94,87,37,2,2,0,Fundamentals and Basics
483,584,28.41,82.71,84,57,6,2,0,Experience and Control
4,19,0,21.05,2,0,0,0,0,General Training
47,56,15.67,83.93,26,5,1,0,0,General Training
252,358,12,70.39,52,16,5,1,0,Fundamentals and Basics
73,59,18.25,123.73,23,6,5,0,0,General Training
81,97,27,83.51,39,5,3,0,0,General Training
102,157,14.57,64.97,41,6,4,0,0,General Training
395,414,65.83,95.41,131,38,5,1,1,General Training
87,72,29,120.83,51,12,1,1,0,General Training
17,44,8.5,38.64,12,1,0,0,0,General Training
7,15,3.5,46.67,7,1,0,0,0,General Training
8,43,2.67,18.6,3,0,0,0,0,General Training
23,23,23,100,16,2,2,0,0,General Training
225,334,25,67.37,58,15,0,1,0,Fundamentals and Basics
20,35,3.33,57.14,6,2,0,0,0,General Training
9,8,0,112.5,9,1,0,0,0,General Training
4,6,2,66.67,3,0,0,0,0,General Training
117,110,19.5,106.36,35,13,0,0,0,General Training
138,200,15.33,69,42,22,2,0,0,Fundamentals and Basics
174,190,17.4,91.58,35,22,4,0,0,General Training
348,490,24.86,71.02,79,43,2,3,0,Fundamentals and Basics
2,8,2,25,2,0,0,0,0,General Training
472,441,39.33,107.03,177,46,21,1,2,Advanced Scoring Strategies
382,452,54.57,84.51,124,50,0,1,2,Advanced Scoring Strategies
84,71,16.8,118.31,39,10,1,0,0,General Training
780,867,43.33,89.97,91,59,15,5,0,Advanced Scoring Strategies
3,30,3,10,2,0,0,0,0,General Training
68,90,13.6,75.56,24,4,3,0,0,General Training
79,69,11.29,114.49,28,9,3,0,0,General Training
1079,1359,34.81,79.4,102,85,14,8,1,Experience and Control
43,96,6.14,44.79,20,4,1,0,0,General Training
302,278,33.56,108.63,75,21,13,2,0,Power Hitting Skills
186,230,31,80.87,56,21,2,1,0,Fundamentals and Basics
54,62,54,87.1,29,6,0,0,0,General Training
24,42,8,57.14,15,3,0,0,0,General Training
16,43,8,37.21,9,2,0,0,0,General Training
367,366,52.43,100.27,118,33,10,2,1,Advanced Scoring Strategies
1,12,0.5,8.33,1,0,0,0,0,General Training
44,127,7.33,34.65,17,6,0,0,0,General Training
7,44,3.5,15.91,7,0,0,0,0,General Training
40,75,8,53.33,29,4,0,0,0,General Training
360,436,24,82.57,56,38,8,2,0,General Training
222,289,27.75,76.82,90,25,1,2,0,Fundamentals and Basics
5,7,5,71.43,5,0,0,0,0,General Training
60,86,60,69.77,60,8,0,1,0,Fundamentals and Basics
46,41,23,112.2,35,6,1,0,0,General Training
17,52,17,32.69,17,2,0,0,0,General Training
5,23,1.67,21.74,4,0,0,0,0,General Training
40,48,13.33,83.33,19,5,0,0,0,General Training
11,29,11,37.93,11,0,0,0,0,General Training
16,25,4,64,9,2,0,0,0,General Training
108,209,18,51.67,33,7,2,0,0,General Training
25,64,12.5,39.06,24,3,1,0,0,General Training
213,266,42.6,80.08,102,23,0,1,1,Fundamentals and Basics
620,827,32.63,74.97,79,57,6,5,0,Consistent Batting Techniques
100,130,16.67,76.92,52,6,3,1,0,Fundamentals and Basics
167,138,13.92,121.01,47,13,5,0,0,General Training
98,72,32.67,136.11,92,8,4,1,0,General Training
8,10,8,80,5,0,0,0,0,General Training
56,78,18.67,71.79,44,7,0,0,0,Fundamentals and Basics
16,13,0,123.08,11,2,0,0,0,General Training
26,32,26,81.25,26,4,0,0,0,General Training
63,103,21,61.17,32,9,0,0,0,General Training
10,41,3.33,24.39,7,0,0,0,0,General Training
1,6,0.5,16.67,1,0,0,0,0,General Training
103,134,20.6,76.87,51,13,1,1,0,Fundamentals and Basics
13,47,6.5,27.66,6,1,0,0,0,General Training
28,81,9.33,34.57,22,2,0,0,0,General Training
332,371,41.5,89.49,77,44,3,4,0,Advanced Scoring Strategies
128,196,21.33,65.31,36,9,1,0,0,Fundamentals and Basics
267,299,33.38,89.3,92,27,7,2,0,Power Hitting Skills
193,194,38.6,99.48,42,17,5,0,0,General Training
26,54,4.33,48.15,7,3,0,0,0,General Training
474,604,39.5,78.48,90,37,6,3,0,Experience and Control
297,424,37.12,70.05,83,29,2,2,0,Consistent Batting Techniques
2,8,2,25,2,0,0,0,0,General Training
0,1,0,0,0,0,0,0,0,General Training
186,284,16.91,65.49,37,17,5,0,0,Fundamentals and Basics
97,136,8.82,71.32,24,6,2,0,0,Fundamentals and Basics
25,19,12.5,131.58,18,4,1,0,0,General Training
0,1,0,0,0,0,0,0,0,General Training
148,194,24.67,76.29,60,16,1,1,0,Fundamentals and Basics
3,17,1,17.65,2,0,0,0,0,General Training
2,4,2,50,2,0,0,0,0,General Training
316,287,26.33,110.1,101,40,8,1,1,Power Hitting Skills
4,12,4,33.33,4,0,0,0,0,General Training
1,1,0,100,1,0,0,0,0,General Training
20,53,5,37.74,12,1,0,0,0,General Training
199,216,28.43,92.13,84,22,3,1,0,General Training
15,15,0,100,15,3,0,0,0,General Training
1044,1081,41.76,96.58,174,112,25,4,4,Advanced Scoring Strategies
6,16,6,37.5,6,1,0,0,0,General Training
40,61,40,65.57,16,1,0,0,0,General Training
399,608,57,65.62,62,27,2,3,0,Consistent Batting Techniques
53,124,10.6,42.74,24,5,0,0,0,General Training
8,15,8,53.33,8,0,0,0,0,General Training
1,9,0.5,11.11,1,0,0,0,0,General Training
578,543,64.22,106.45,123,55,17,2,3,Advanced Scoring Strategies
0,5,0,0,0,0,0,0,0,General Training
254,236,31.75,107.63,77,19,7,1,0,Power Hitting Skills
7,27,7,25.93,6,0,0,0,0,General Training
280,283,31.11,98.94,80,31,9,2,0,Power Hitting Skills
574,809,33.76,70.95,77,59,3,4,0,Consistent Batting Techniques
2,27,1,7.41,2,0,0,0,0,General Training
70,116,23.33,60.34,38,1,1,0,0,General Training
34,50,34,68,15,3,0,0,0,General Training
210,215,15,97.67,35,18,9,0,0,Power Hitting Skills
122,107,30.5,114.02,36,9,3,0,0,General Training
12,9,6,133.33,12,2,0,0,0,General Training
139,183,23.17,75.96,50,9,5,1,0,Fundamentals and Basics
65,92,32.5,70.65,50,3,1,1,0,General Training
346,564,28.83,61.35,71,42,2,3,0,Experience and Control
10,39,5,25.64,9,1,0,0,0,General Training
68,85,8.5,80,29,4,3,0,0,General Training
1575,1493,60.58,105.49,140,166,54,6,7,Advanced Scoring Strategies
16,56,5.33,28.57,8,0,0,0,0,General Training
76,72,12.67,105.56,37,9,4,0,0,General Training
55,53,27.5,103.77,22,8,1,0,0,General Training
26,38,8.67,68.42,14,2,1,0,0,General Training
16,9,0,177.78,15,3,0,0,0,General Training
113,72,28.25,156.94,50,10,6,1,0,Power Hitting Skills
82,150,11.71,54.67,31,11,0,0,0,General Training
7,18,2.33,38.89,4,0,0,0,0,General Training
435,492,62.14,88.41,119,47,7,3,2,Advanced Scoring Strategies
8,29,2,27.59,4,0,0,0,0,General Training
210,314,21,66.88,50,11,0,1,0,Fundamentals and Basics
57,85,19,67.06,30,6,1,0,0,Fundamentals and Basics
97,94,48.5,103.19,85,10,3,1,0,General Training
116,130,29,89.23,48,15,1,0,0,General Training
46,73,15.33,63.01,24,5,0,0,0,General Training
210,180,52.5,116.67,61,23,5,2,0,General Training
739,974,46.19,75.87,92,71,10,3,0,Experience and Control
53,107,17.67,49.53,31,7,0,0,0,General Training
306,427,34,71.66,60,25,2,2,0,Consistent Batting Techniques
1160,1321,52.73,87.81,140,97,25,5,4,Advanced Scoring Strategies
20,40,6.67,50,9,3,0,0,0,General Training
30,48,10,62.5,18,4,0,0,0,General Training
114,205,12.67,55.61,35,9,0,0,0,General Training
37,59,18.5,62.71,11,4,0,0,0,General Training
625,1024,39.06,61.04,102,47,13,4,1,Consistent Batting Techniques
81,87,81,93.1,34,7,2,0,0,General Training
537,570,53.7,94.21,137,65,9,1,3,Advanced Scoring Strategies
127,154,42.33,82.47,73,16,1,1,0,Fundamentals and Basics
0,4,0,0,0,0,0,0,0,General Training
12,16,6,75,9,1,0,0,0,General Training
373,365,53.29,102.19,108,36,4,2,1,Advanced Scoring Strategies
25,39,8.33,64.1,13,3,1,0,0,General Training
259,298,37,86.91,78,23,3,2,0,General Training
300,450,37.5,66.67,70,25,3,2,0,Consistent Batting Techniques
106,105,17.67,100.95,49,12,1,0,0,General Training
218,222,31.14,98.2,53,23,5,1,0,General Training
1,10,1,10,1,0,0,0,0,General Training
218,303,54.5,71.95,101,19,1,0,1,Consistent Batting Techniques
102,150,25.5,68,63,9,0,1,0,Fundamentals and Basics
328,536,46.86,61.19,96,26,7,2,0,Consistent Batting Techniques
47,58,11.75,81.03,25,4,0,0,0,General Training
13,33,6.5,39.39,10,1,0,0,0,General Training
7,12,7,58.33,7,1,0,0,0,General Training
16,37,16,43.24,12,2,0,0,0,General Training
303,353,43.29,85.84,101,22,3,1,1,General Training
241,246,34.43,97.97,68,30,1,2,0,General Training
25,17,25,147.06,25,2,2,0,0,General Training
909,1026,53.47,88.6,141,69,17,6,2,Advanced Scoring Strategies
627,831,57,75.45,112,41,17,2,3,Experience and Control
492,486,54.67,101.23,96,43,8,5,0,Advanced Scoring Strategies
18,28,4.5,64.29,9,0,1,0,0,General Training
274,389,34.25,70.44,96,21,3,3,0,Consistent Batting Techniques
9,20,4.5,45,9,1,0,0,0,General Training
7,25,3.5,28,3,0,0,0,0,General Training
26,35,13,74.29,23,2,0,0,0,General Training
11,20,5.5,55,6,1,0,0,0,General Training
64,104,12.8,61.54,27,4,2,0,0,General Training
164,159,20.5,103.14,43,11,4,0,0,General Training
30,64,30,46.88,30,1,0,0,0,General Training
26,50,6.5,52,24,4,1,0,0,General Training
0,2,0,0,0,0,0,0,0,General Training
56,66,14,84.85,25,7,1,0,0,Fundamentals and Basics
232,185,14.5,125.41,28,22,9,0,0,Power Hitting Skills
73,148,9.12,49.32,37,7,1,0,0,General Training
311,340,51.83,91.47,106,34,4,2,1,Advanced Scoring Strategies
1332,1619,41.62,82.27,124,128,12,11,2,Advanced Scoring Strategies
17,21,0,80.95,12,2,0,0,0,General Training
6,8,6,75,6,0,0,0,0,General Training
72,53,36,135.85,43,5,4,0,0,General Training
100,122,16.67,81.97,62,10,2,1,0,Fundamentals and Basics
28,28,28,100,12,3,1,0,0,General Training
354,331,44.25,106.95,92,41,12,4,0,Advanced Scoring Strategies
2,5,1,40,2,0,0,0,0,General Training
125,126,20.83,99.21,46,15,4,0,0,General Training
26,42,5.2,61.9,9,3,0,0,0,General Training
43,95,8.6,45.26,23,4,0,0,0,General Training
358,333,59.67,107.51,110,30,9,2,1,Advanced Scoring Strategies
33,59,3,55.93,10,2,2,0,0,General Training
35,57,11.67,61.4,14,1,0,0,0,General Training
43,33,43,130.3,31,5,1,0,0,General Training
134,167,16.75,80.24,32,4,3,0,0,General Training
7,8,7,87.5,7,1,0,0,0,General Training
257,253,36.71,101.58,54,25,6,2,0,Power Hitting Skills
0,3,0,0,0,0,0,0,0,General Training
405,636,25.31,63.68,76,43,3,4,0,Experience and Control
153,176,25.5,86.93,50,12,3,1,0,General Training
21,42,5.25,50,7,1,0,0,0,General Training
341,362,24.36,94.2,51,47,5,1,0,General Training
674,783,42.12,86.08,134,91,11,3,2,Advanced Scoring Strategies
140,253,28,55.34,57,12,0,1,0,General Training
1136,1304,42.07,87.12,105,104,9,10,1,Advanced Scoring Strategies
1219,1336,55.41,91.24,152,131,17,9,3,Advanced Scoring Strategies
14,17,7,82.35,12,1,0,0,0,General Training
38,90,9.5,42.22,17,3,0,0,0,General Training
643,595,53.58,108.07,94,67,17,6,0,Advanced Scoring Strategies
33,47,8.25,70.21,15,3,1,0,0,General Training
530,468,66.25,113.25,128,37,24,3,2,Advanced Scoring Strategies
2,15,1,13.33,1,0,0,0,0,General Training
3,10,3,30,3,0,0,0,0,General Training
788,895,43.78,88.04,120,78,16,4,3,Advanced Scoring Strategies
36,46,18,78.26,31,3,0,0,0,General Training
0,1,0,0,0,0,0,0,0,General Training
16,34,4,47.06,10,2,0,0,0,General Training
145,197,18.12,73.6,35,18,3,0,0,Fundamentals and Basics
12,22,12,54.55,12,2,0,0,0,General Training
170,260,24.29,65.38,72,16,1,2,0,Fundamentals and Basics
19,14,6.33,135.71,18,2,1,0,0,General Training
33,64,5.5,51.56,10,3,0,0,0,General Training
9,15,0,60,4,1,0,0,0,General Training
306,443,30.6,69.07,98,24,1,3,0,Consistent Batting Techniques
31,47,15.5,65.96,10,2,1,0,0,General Training
4,8,0,50,4,1,0,0,0,General Training
3,4,3,75,3,0,0,0,0,General Training
718,982,24.76,73.12,95,83,4,4,0,Fundamentals and Basics
145,152,16.11,95.39,51,22,3,1,0,General Training
5,6,0,83.33,5,1,0,0,0,General Training
5,27,2.5,18.52,5,0,0,0,0,General Training
50,97,8.33,51.55,17,1,3,0,0,General Training
91,146,30.33,62.33,48,14,0,0,0,Consistent Batting Techniques
133,239,19,55.65,58,11,2,1,0,General Training
23,53,5.75,43.4,9,2,0,0,0,General Training
60,76,8.57,78.95,12,4,2,0,0,General Training
21,20,21,105,21,4,0,0,0,General Training
23,35,7.67,65.71,16,2,0,0,0,General Training
174,259,34.8,67.18,55,18,0,1,0,Consistent Batting Techniques
1112,1196,52.95,92.98,161,122,9,4,4,Advanced Scoring Strategies
329,258,54.83,127.52,137,37,13,1,2,Advanced Scoring Strategies
304,478,25.33,63.6,51,32,4,1,0,General Training
50,88,10,56.82,28,3,0,0,0,General Training
164,210,32.8,78.1,74,7,5,1,0,Fundamentals and Basics
6,9,0,66.67,6,1,0,0,0,General Training
41,50,10.25,82,20,2,1,0,0,General Training
110,149,36.67,73.83,34,11,0,0,0,Consistent Batting Techniques
9,27,9,33.33,9,0,0,0,0,General Training
310,386,22.14,80.31,68,20,4,3,0,Fundamentals and Basics
11,30,5.5,36.67,10,1,0,0,0,General Training
404,480,36.73,84.17,71,38,7,2,0,General Training
49,52,12.25,94.23,34,5,1,0,0,General Training
0,3,0,0,0,0,0,0,0,General Training
12,22,6,54.55,12,0,0,0,0,General Training
316,358,35.11,88.27,89,30,1,2,0,General Training
0,5,0,0,0,0,0,0,0,General Training
1795,2035,59.83,88.21,117,159,14,12,5,Advanced Scoring Strategies
843,794,38.32,106.17,175,109,18,3,2,Advanced Scoring Strategies
58,75,29,77.33,29,6,0,0,0,Fundamentals and Basics
134,163,26.8,82.21,67,17,1,2,0,Fundamentals and Basics
42,70,21,60,25,2,0,0,0,General Training
10,8,10,125,10,1,0,0,0,General Training
98,150,16.33,65.33,52,12,1,1,0,Fundamentals and Basics
236,344,23.6,68.6,44,29,3,0,0,Fundamentals and Basics
206,246,34.33,83.74,70,23,6,2,0,General Training
179,171,16.27,104.68,54,15,8,1,0,Power Hitting Skills
17,23,4.25,73.91,8,1,0,0,0,General Training
71,69,23.67,102.9,33,10,1,0,0,General Training
24,70,12,34.29,7,1,0,0,0,General Training
22,41,4.4,53.66,9,2,0,0,0,General Training
17,29,17,58.62,17,1,0,0,0,General Training
1,4,0,25,1,0,0,0,0,General Training
203,192,50.75,105.73,104,23,4,0,1,General Training
33,75,4.71,44,20,2,0,0,0,General Training
136,200,19.43,68,28,10,2,0,0,Fundamentals and Basics
627,1058,29.86,59.26,107,50,4,4,1,Experience and Control
697,923,36.68,75.51,133,79,4,4,2,Experience and Control
108,134,18,80.6,64,16,3,1,0,Fundamentals and Basics
0,1,0,0,0,0,0,0,0,General Training
13,23,13,56.52,13,1,0,0,0,General Training
74,64,14.8,115.62,30,5,5,0,0,General Training
349,493,21.81,70.79,72,23,1,2,0,Fundamentals and Basics
5,5,5,100,5,1,0,0,0,General Training
738,817,52.71,90.33,113,68,13,7,1,Advanced Scoring Strategies
52,70,5.78,74.29,15,6,0,0,0,Fundamentals and Basics
104,231,17.33,45.02,34,7,0,0,0,General Training
215,243,23.89,88.48,59,27,3,2,0,General Training
404,400,44.89,101,140,50,9,2,1,Advanced Scoring Strategies
276,312,30.67,88.46,82,21,2,3,0,General Training
169,150,28.17,112.67,66,20,5,1,0,General Training
95,127,15.83,74.8,42,8,1,0,0,Fundamentals and Basics
138,142,15.33,97.18,43,11,5,0,0,General Training
60,94,10,63.83,27,6,0,0,0,General Training
35,57,11.67,61.4,14,1,0,0,0,General Training
131,155,18.71,84.52,51,15,2,1,0,Fundamentals and Basics
92,90,18.4,102.22,20,7,2,0,0,General Training
85,65,28.33,130.77,43,7,5,0,0,General Training
372,366,41.33,101.64,152,54,4,0,1,General Training
206,246,34.33,83.74,70,23,6,2,0,General Training
578,543,64.22,106.45,123,55,17,2,3,Advanced Scoring Strategies
220,179,73.33,122.91,126,14,18,1,1,Power Hitting Skills
162,180,27,90,70,23,0,1,0,General Training
320,386,40,82.9,74,32,4,4,0,Advanced Scoring Strategies
395,414,65.83,95.41,131,38,5,1,1,General Training
241,246,34.43,97.97,68,30,1,2,0,General Training
142,123,23.67,115.45,40,11,8,0,0,Power Hitting Skills
81,97,27,83.51,39,5,3,0,0,General Training
121,120,24.2,100.83,43,7,4,0,0,General Training
20,28,6.67,71.43,12,4,0,0,0,General Training
55,60,13.75,91.67,25,7,1,0,0,General Training
53,45,17.67,117.78,35,5,4,0,0,General Training
98,150,16.33,65.33,52,12,1,1,0,Fundamentals and Basics
138,200,15.33,69,42,22,2,0,0,Fundamentals and Basics
216,263,24,82.13,69,27,0,1,0,Fundamentals and Basics
139,199,15.44,69.85,67,15,2,1,0,Fundamentals and Basics
164,167,27.33,98.2,54,11,10,1,0,Power Hitting Skills
259,298,37,86.91,78,23,3,2,0,General Training
13,33,6.5,39.39,10,1,0,0,0,General Training
68,85,8.5,80,29,4,3,0,0,General Training
140,179,23.33,78.21,59,9,3,1,0,Fundamentals and Basics
70,87,11.67,80.46,23,1,5,0,0,General Training
26,54,4.33,48.15,7,3,0,0,0,General Training
280,283,31.11,98.94,80,31,9,2,0,Power Hitting Skills
376,493,47,76.27,129,39,5,1,1,Fundamentals and Basics
320,419,40,76.37,77,28,2,3,0,Fundamentals and Basics
310,424,51.67,73.11,80,25,2,3,0,Consistent Batting Techniques
7,21,3.5,33.33,5,0,0,0,0,General Training
55,76,9.17,72.37,19,3,1,0,0,General Training
353,361,70.6,97.78,97,26,13,3,0,Advanced Scoring Strategies
105,111,21,94.59,35,7,5,0,0,General Training
51,40,12.75,127.5,28,6,2,0,0,General Training
16,25,4,64,9,2,0,0,0,General Training
2,9,2,22.22,2,0,0,0,0,General Training
145,152,16.11,95.39,51,22,3,1,0,General Training
284,354,31.56,80.23,76,32,5,2,0,Fundamentals and Basics
201,253,22.33,79.45,57,21,2,1,0,Fundamentals and Basics
222,289,27.75,76.82,90,25,1,2,0,Fundamentals and Basics
186,226,26.57,82.3,82,21,4,1,0,Fundamentals and Basics
202,255,25.25,79.22,66,14,4,2,0,Fundamentals and Basics
594,555,59.4,107.03,174,57,21,0,4,Advanced Scoring Strategies
145,197,18.12,73.6,35,18,3,0,0,Fundamentals and Basics
448,530,49.78,84.53,133,39,8,2,2,Advanced Scoring Strategies
406,366,45.11,110.93,106,44,9,3,1,Advanced Scoring Strategies
373,280,41.44,133.21,109,28,19,1,1,Power Hitting Skills
356,330,44.5,107.88,101,25,20,1,1,Power Hitting Skills
157,142,31.4,110.56,75,9,9,1,0,Power Hitting Skills
332,371,41.5,89.49,77,44,3,4,0,Advanced Scoring Strategies
149,147,21.29,101.36,78,25,2,2,0,General Training
294,258,32.67,113.95,122,27,15,1,1,Power Hitting Skills
373,365,53.29,102.19,108,36,4,2,1,Advanced Scoring Strategies
288,338,36,85.21,108,19,11,1,1,Power Hitting Skills
140,184,20,76.09,34,13,4,0,0,Fundamentals and Basics
80,80,40,100,68,6,3,1,0,General Training
12,18,4,66.67,10,1,0,0,0,General Training
52,57,13,91.23,33,6,1,0,0,General Training
6,19,6,31.58,5,1,0,0,0,General Training
28,67,14,41.79,19,4,0,0,0,General Training
535,494,48.64,108.3,163,50,24,2,2,Advanced Scoring Strategies
441,410,49,107.56,177,43,21,1,2,Advanced Scoring Strategies
302,373,33.56,80.97,71,30,2,2,0,Fundamentals and Basics
362,512,40.22,70.7,71,31,2,3,0,Consistent Batting Techniques
400,266,66.67,150.38,201,40,22,0,2,Power Hitting Skills
0,2,0,0,0,0,0,0,0,General Training
63,83,21,75.9,47,6,0,0,0,Fundamentals and Basics
128,186,32,68.82,37,13,5,0,0,Consistent Batting Techniques
87,151,12.43,57.62,28,7,1,0,0,General Training
48,60,16,80,29,5,0,0,0,General Training
4,5,2,80,2,0,0,0,0,General Training
597,474,54.27,125.95,131,66,31,3,1,Advanced Scoring Strategies
47,48,23.5,97.92,47,5,2,0,0,General Training
765,847,95.62,90.32,117,68,9,6,3,Advanced Scoring Strategies
530,468,66.25,113.25,128,37,24,3,2,Advanced Scoring Strategies
452,498,75.33,90.76,102,38,9,2,1,Advanced Scoring Strategies
11,8,0,137.5,11,0,1,0,0,General Training
552,497,69,111.07,134,48,22,2,2,Advanced Scoring Strategies
155,170,25.83,91.18,68,12,3,2,0,General Training
285,255,40.71,111.76,71,22,14,2,0,Power Hitting Skills
84,71,16.8,118.31,39,10,1,0,0,General Training
102,81,25.5,125.93,36,6,5,0,0,General Training
19,22,9.5,86.36,10,1,1,0,0,General Training
300,450,37.5,66.67,70,25,3,2,0,Consistent Batting Techniques
8,15,8,53.33,8,0,0,0,0,General Training
16,9,0,177.78,15,3,0,0,0,General Training
164,210,32.8,78.1,74,7,5,1,0,Fundamentals and Basics
33,73,16.5,45.21,17,2,0,0,0,General Training
49,93,12.25,52.69,17,1,3,0,0,General Training
28,28,28,100,12,3,1,0,0,General Training
42,89,10.5,47.19,20,4,1,0,0,General Training
100,185,25,54.05,38,11,1,0,0,General Training
336,361,42,93.07,113,36,9,3,1,Advanced Scoring Strategies
25,45,8.33,55.56,10,0,2,0,0,General Training
59,80,19.67,73.75,40,7,1,0,0,Fundamentals and Basics
159,168,19.88,94.64,58,17,3,1,0,General Training
87,77,21.75,112.99,35,8,4,0,0,General Training
328,358,54.67,91.62,111,28,14,1,1,Power Hitting Skills
256,274,85.33,93.43,95,29,4,3,0,Advanced Scoring Strategies
354,331,44.25,106.95,92,41,12,4,0,Advanced Scoring Strategies
89,101,44.5,88.12,58,7,3,1,0,General Training
8,28,4,28.57,6,1,0,0,0,General Training
4,8,4,50,4,1,0,0,0,General Training
54,78,13.5,69.23,22,4,1,0,0,General Training
11,41,5.5,26.83,7,0,0,0,0,General Training
40,48,13.33,83.33,19,5,0,0,0,General Training
0,3,0,0,0,0,0,0,0,General Training
4,4,4,100,4,1,0,0,0,General Training
97,94,48.5,103.19,85,10,3,1,0,General Training
304,341,50.67,89.15,108,26,11,2,1,Advanced Scoring Strategies
78,67,19.5,116.42,16,7,6,0,0,Power Hitting Skills
37,23,18.5,160.87,35,7,0,0,0,General Training
7,9,3.5,77.78,6,0,1,0,0,General Training
21,25,21,84,10,1,1,0,0,General Training
106,105,17.67,100.95,49,12,1,0,0,General Training
120,118,40,101.69,39,7,3,0,0,General Training
10,20,3.33,50,6,1,0,0,0,General Training
15,25,15,60,15,2,0,0,0,General Training
23,23,23,100,16,2,2,0,0,General Training
9,15,0,60,4,1,0,0,0,General Training
329,258,54.83,127.52,137,37,13,1,2,Advanced Scoring Strategies
58,47,29,123.4,58,3,3,1,0,General Training
83,112,20.75,74.11,41,11,1,0,0,Fundamentals and Basics
6,8,6,75,6,0,0,0,0,General Training
18,29,18,62.07,16,1,0,0,0,General Training
19,31,9.5,61.29,10,1,0,0,0,General Training
15,22,7.5,68.18,15,1,0,0,0,General Training
51,78,17,65.38,23,4,1,0,0,General Training
6,39,1.5,15.38,4,0,0,0,0,General Training
16,21,8,76.19,9,2,0,0,0,General Training
5,6,0,83.33,5,1,0,0,0,General Training
26,32,26,81.25,26,4,0,0,0,General Training
39,37,0,105.41,39,1,3,0,0,General Training
51,45,51,113.33,51,6,1,1,0,General Training
9,8,0,112.5,9,1,0,0,0,General Training
547,523,68.38,104.59,237,59,16,1,2,Advanced Scoring Strategies
328,174,36.44,188.51,77,44,17,4,0,Advanced Scoring Strategies
234,300,33.43,78,57,28,2,1,0,Fundamentals and Basics
221,359,31.57,61.56,56,17,0,1,0,Consistent Batting Techniques
231,213,33,108.45,75,22,9,2,0,Power Hitting Skills
310,294,44.29,105.44,84,29,7,2,0,Power Hitting Skills
73,62,12.17,117.74,29,11,1,0,0,General Training
302,356,50.33,84.83,139,29,2,2,1,Advanced Scoring Strategies
395,409,65.83,96.58,161,46,3,1,2,Advanced Scoring Strategies
541,511,108.2,105.87,124,57,7,0,4,Advanced Scoring Strategies
125,168,25,74.4,100,9,1,0,1,Fundamentals and Basics
195,217,39,89.86,51,11,7,1,0,Power Hitting Skills
37,53,18.5,69.81,23,3,0,0,0,General Training
13,21,13,61.9,9,1,0,0,0,General Training
29,40,14.5,72.5,18,2,1,0,0,General Training
13,19,13,68.42,13,2,0,0,0,General Training
4,12,1.33,33.33,3,0,0,0,0,General Training
7,17,0,41.18,7,0,0,0,0,General Training
345,287,49.29,120.21,178,38,9,0,1,Power Hitting Skills
280,304,35,92.11,135,26,6,1,1,Power Hitting Skills
208,196,41.6,106.12,67,22,4,2,0,General Training
402,439,67,91.57,105,37,4,4,1,Advanced Scoring Strategies
55,69,55,79.71,55,3,0,1,0,General Training
324,178,64.8,182.02,102,35,14,2,1,Advanced Scoring Strategies
31,31,10.33,100,23,3,0,0,0,General Training
126,80,42,157.5,43,16,4,0,0,General Training
31,20,15.5,155,27,4,1,0,0,General Training
192,182,38.4,105.49,128,24,5,0,1,General Training
262,339,52.4,77.29,63,27,0,3,0,Fundamentals and Basics
36,71,9,50.7,10,3,0,0,0,General Training
202,240,40.4,84.17,121,19,2,0,1,Fundamentals and Basics
90,139,18,64.75,46,7,3,0,0,General Training
149,168,37.25,88.69,98,12,3,1,0,General Training
141,104,35.25,135.58,65,17,2,1,0,General Training
90,94,30,95.74,42,6,0,0,0,General Training
13,20,4.33,65,9,0,1,0,0,General Training
2,15,1,13.33,1,0,0,0,0,General Training
9,15,4.5,60,8,1,0,0,0,General Training
145,175,20.71,82.86,78,21,0,1,0,Fundamentals and Basics
333,350,41.62,95.14,159,35,5,1,1,General Training
380,449,63.33,84.63,109,28,4,3,1,Advanced Scoring Strategies
482,334,96.4,144.31,162,43,21,3,1,Advanced Scoring Strategies
324,233,64.8,139.06,138,21,14,0,1,Power Hitting Skills
164,160,54.67,102.5,115,13,3,0,1,General Training
98,148,24.5,66.22,64,16,0,1,0,Fundamentals and Basics
125,126,20.83,99.21,46,15,4,0,0,General Training
122,161,20.33,75.78,80,12,2,1,0,Fundamentals and Basics
433,405,72.17,106.91,138,43,12,1,2,Advanced Scoring Strategies
339,311,67.8,109,96,30,6,4,0,Advanced Scoring Strategies
159,180,26.5,88.33,52,12,5,1,0,General Training
78,77,26,101.3,35,7,2,0,0,General Training
64,104,12.8,61.54,27,4,2,0,0,General Training
29,51,5.8,56.86,10,2,0,0,0,General Training
23,35,7.67,65.71,16,2,0,0,0,General Training
330,360,47.14,91.67,137,33,9,2,1,Advanced Scoring Strategies
412,449,51.5,91.76,137,48,9,1,2,Advanced Scoring Strategies
305,374,50.83,81.55,107,29,1,0,1,Fundamentals and Basics
284,258,56.8,110.08,110,25,8,2,1,Advanced Scoring Strategies
237,232,59.25,102.16,85,18,6,2,0,Power Hitting Skills
57,59,14.25,96.61,23,8,0,0,0,General Training
208,252,34.67,82.54,79,21,3,1,0,Fundamentals and Basics
8,9,0,88.89,4,1,0,0,0,General Training
30,54,30,55.56,16,0,0,0,0,General Training
227,313,32.43,72.52,93,24,1,2,0,Consistent Batting Techniques
43,55,14.33,78.18,37,5,0,0,0,General Training
177,245,29.5,72.24,70,15,1,1,0,Fundamentals and Basics
350,466,50,75.11,76,25,7,4,0,General Training
153,176,25.5,86.93,50,12,3,1,0,General Training
164,204,27.33,80.39,59,17,2,1,0,Fundamentals and Basics
116,87,23.2,133.33,28,10,6,0,0,Power Hitting Skills
83,85,20.75,97.65,54,9,2,1,0,General Training
13,23,13,56.52,13,1,0,0,0,General Training
21,42,5.25,50,7,1,0,0,0,General Training
4,19,0,21.05,2,0,0,0,0,General Training
93,116,15.5,80.17,31,13,2,0,0,Fundamentals and Basics
340,290,56.67,117.24,215,17,26,1,1,Power Hitting Skills
230,298,38.33,77.18,133,20,5,0,1,Fundamentals and Basics
173,171,34.6,101.17,102,14,8,1,1,Power Hitting Skills
107,151,21.4,70.86,51,11,0,1,0,Fundamentals and Basics
177,177,35.4,100,89,17,6,1,0,Power Hitting Skills
104,56,26,185.71,42,7,9,0,0,Power Hitting Skills
275,409,45.83,67.24,107,22,3,1,1,Consistent Batting Techniques
159,159,26.5,100,92,17,5,1,0,General Training
246,250,41,98.4,112,23,5,1,1,General Training
199,182,39.8,109.34,79,23,3,2,0,General Training
236,260,39.33,90.77,97,20,4,2,0,General Training
141,136,23.5,103.68,80,16,1,1,0,General Training
131,131,21.83,100,50,16,3,1,0,General Training
51,65,12.75,78.46,13,5,0,0,0,General Training
253,282,42.17,89.72,156,33,4,1,1,General Training
48,63,8,76.19,22,8,0,0,0,Fundamentals and Basics
24,53,8,45.28,19,3,0,0,0,General Training
186,230,31,80.87,56,21,2,1,0,Fundamentals and Basics
148,194,24.67,76.29,60,16,1,1,0,Fundamentals and Basics
139,183,23.17,75.96,50,9,5,1,0,Fundamentals and Basics
88,120,14.67,73.33,23,7,1,0,0,Fundamentals and Basics
55,88,13.75,62.5,26,5,0,0,0,General Training
7,18,2.33,38.89,4,0,0,0,0,General Training
47,80,11.75,58.75,31,6,0,0,0,General Training
1,5,0.5,20,1,0,0,0,0,General Training
50,46,25,108.7,16,6,1,0,0,General Training
1,5,1,20,1,0,0,0,0,General Training
58,98,29,59.18,29,5,1,0,0,General Training
154,203,25.67,75.86,95,17,1,1,0,Fundamentals and Basics
175,198,29.17,88.38,51,23,3,1,0,General Training
365,446,73,81.84,128,30,6,1,2,Advanced Scoring Strategies
196,209,39.2,93.78,63,18,3,2,0,General Training
298,282,49.67,105.67,89,26,5,3,0,Advanced Scoring Strategies
182,185,36.4,98.38,53,18,5,1,0,General Training
28,23,9.33,121.74,14,5,0,0,0,General Training
4,6,2,66.67,3,0,0,0,0,General Training
1,4,0.5,25,1,0,0,0,0,General Training
0,10,0,0,0,0,0,0,0,General Training
97,122,16.17,79.51,51,13,0,1,0,Fundamentals and Basics
36,99,6,36.36,19,1,0,0,0,General Training
72,95,14.4,75.79,54,8,1,1,0,Fundamentals and Basics
108,209,18,51.67,33,7,2,0,0,General Training
254,444,42.33,57.21,96,22,6,2,0,Consistent Batting Techniques
90,115,15,78.26,44,8,2,0,0,Fundamentals and Basics
123,156,24.6,78.85,56,13,4,1,0,Fundamentals and Basics
14,12,14,116.67,14,2,1,0,0,General Training
38,47,19,80.85,28,1,3,0,0,General Training
38,86,9.5,44.19,16,5,0,0,0,General Training
17,21,0,80.95,12,2,0,0,0,General Training
96,185,16,51.89,45,11,0,0,0,General Training
53,111,8.83,47.75,22,7,0,0,0,General Training
38,111,7.6,34.23,34,3,0,0,0,General Training
155,212,25.83,73.11,45,15,1,0,0,Fundamentals and Basics
140,253,28,55.34,57,12,0,1,0,General Training
311,340,51.83,91.47,106,34,4,2,1,Advanced Scoring Strategies
8,29,2,27.59,4,0,0,0,0,General Training
170,195,34,87.18,56,21,4,1,0,General Training
73,59,18.25,123.73,23,6,5,0,0,General Training
64,96,16,66.67,35,5,0,0,0,General Training
49,78,49,62.82,49,3,0,0,0,General Training
5,23,1.67,21.74,4,0,0,0,0,General Training
14,39,3.5,35.9,9,2,0,0,0,General Training
62,43,20.67,144.19,47,8,1,0,0,General Training
17,28,0,60.71,17,1,0,0,0,General Training
10,8,10,125,10,1,0,0,0,General Training
17,24,8.5,70.83,16,3,0,0,0,General Training
8,13,8,61.54,6,1,0,0,0,General Training
8,16,4,50,8,1,0,0,0,General Training
77,97,25.67,79.38,70,7,0,1,0,Fundamentals and Basics
38,57,19,66.67,28,5,0,0,0,General Training
19,23,19,82.61,19,2,0,0,0,General Training
6,9,0,66.67,6,1,0,0,0,General Training
8,43,2.67,18.6,3,0,0,0,0,General Training
54,85,18,63.53,25,2,3,0,0,General Training
19,23,19,82.61,11,1,0,0,0,General Training
0,1,0,0,0,0,0,0,0,General Training
210,180,52.5,116.67,61,23,5,2,0,General Training
74,36,0,205.56,64,5,4,1,0,General Training
113,160,37.67,70.62,50,13,1,1,0,Consistent Batting Techniques
155,138,51.67,112.32,57,12,9,2,0,Power Hitting Skills
37,48,18.5,77.08,15,5,0,0,0,General Training
10,7,10,142.86,9,2,0,0,0,General Training
219,228,36.5,96.05,74,25,3,2,0,General Training
0,3,0,0,0,0,0,0,0,General Training
7,30,0,23.33,7,1,0,0,0,General Training
23,18,11.5,127.78,12,1,2,0,0,General Training
0,3,0,0,0,0,0,0,0,General Training
14,26,0,53.85,10,1,0,0,0,General Training
19,11,9.5,172.73,18,2,1,0,0,General Training
22,19,22,115.79,22,3,1,0,0,General Training
2,4,0,50,2,0,0,0,0,General Training
44,25,14.67,176,21,6,2,0,0,General Training
12,22,6,54.55,12,0,0,0,0,General Training
0,1,0,0,0,0,0,0,0,General Training
160,189,80,84.66,101,12,3,0,1,Fundamentals and Basics
7,27,7,25.93,6,0,0,0,0,General Training
12,19,12,63.16,12,2,0,0,0,General Training
0,1,0,0,0,0,0,0,0,General Training
52,24,0,216.67,52,8,1,1,0,General Training
4,5,4,80,4,0,0,0,0,General Training
12,16,6,75,9,1,0,0,0,General Training
7,8,7,87.5,7,1,0,0,0,General Training
9,35,3,25.71,5,0,0,0,0,General Training
3,3,0,100,3,0,0,0,0,General Training
64,67,32,95.52,37,7,2,0,0,General Training
0,1,0,0,0,0,0,0,0,General Training
14,17,7,82.35,12,1,0,0,0,General Training
27,23,13.5,117.39,24,2,2,0,0,General Training
14,14,0,100,12,1,0,0,0,General Training
25,18,25,138.89,23,4,0,0,0,General Training
7,12,7,58.33,7,1,0,0,0,General Training
0,3,0,0,0,0,0,0,0,General Training
46,41,23,112.2,35,6,1,0,0,General Training
17,52,17,32.69,17,2,0,0,0,General Training
30,64,30,46.88,30,1,0,0,0,General Training
60,86,60,69.77,60,8,0,1,0,Fundamentals and Basics
58,46,29,126.09,55,9,2,1,0,General Training
0,1,0,0,0,0,0,0,0,General Training
15,22,15,68.18,15,1,0,0,0,General Training
0,1,0,0,0,0,0,0,0,General Training
0,5,0,0,0,0,0,0,0,General Training
0,7,0,0,0,0,0,0,0,General Training
